[
    {
        "alphabet": "a",
        "name": "Abingdon and Witney College",
        "order_by_name": "abingdon and witney college"
    },
    {
        "alphabet": "a",
        "name": "AECC University College",
        "order_by_name": "aecc university college"
    },
    {
        "alphabet": "a",
        "name": "All Nations Christian College",
        "order_by_name": "all nations christian college"
    },
    {
        "alphabet": "a",
        "name": "Academy of Live and Recorded Arts",
        "order_by_name": "academy of live and recorded arts"
    },
    {
        "alphabet": "a",
        "name": "Anglia Ruskin University Higher Education Corporation",
        "order_by_name": "anglia ruskin university higher education corporation"
    },
    {
        "alphabet": "a",
        "name": "Arts Educational Schools",
        "order_by_name": "arts educational schools"
    },
    {
        "alphabet": "t",
        "name": "The Arts University Bournemouth",
        "order_by_name": "the arts university bournemouth"
    },
    {
        "alphabet": "a",
        "name": "Askham Bryan College",
        "order_by_name": "askham bryan college"
    },
    {
        "alphabet": "b",
        "name": "Buckinghamshire College Group",
        "order_by_name": "buckinghamshire college group"
    },
    {
        "alphabet": "b",
        "name": "Barnet & Southgate College",
        "order_by_name": "barnet & southgate college"
    },
    {
        "alphabet": "b",
        "name": "Barnsley College",
        "order_by_name": "barnsley college"
    },
    {
        "alphabet": "b",
        "name": "Bath Spa University",
        "order_by_name": "bath spa university"
    },
    {
        "alphabet": "b",
        "name": "Bedford College",
        "order_by_name": "bedford college"
    },
    {
        "alphabet": "b",
        "name": "BCA",
        "order_by_name": "bca"
    },
    {
        "alphabet": "b",
        "name": "Bexhill College",
        "order_by_name": "bexhill college"
    },
    {
        "alphabet": "u",
        "name": "University College Birmingham",
        "order_by_name": "university college birmingham"
    },
    {
        "alphabet": "b",
        "name": "Bishop Auckland College",
        "order_by_name": "bishop auckland college"
    },
    {
        "alphabet": "b",
        "name": "Bishop Burton College",
        "order_by_name": "bishop burton college"
    },
    {
        "alphabet": "b",
        "name": "Blackburn College",
        "order_by_name": "blackburn college"
    },
    {
        "alphabet": "b",
        "name": "Blackpool and the Fylde College",
        "order_by_name": "blackpool and the fylde college"
    },
    {
        "alphabet": "b",
        "name": "Boston College",
        "order_by_name": "boston college"
    },
    {
        "alphabet": "t",
        "name": "The Bournemouth and Poole College",
        "order_by_name": "the bournemouth and poole college"
    },
    {
        "alphabet": "b",
        "name": "Bournemouth University",
        "order_by_name": "bournemouth university"
    },
    {
        "alphabet": "b",
        "name": "Bradford College",
        "order_by_name": "bradford college"
    },
    {
        "alphabet": "b",
        "name": "Bridgwater and Taunton College",
        "order_by_name": "bridgwater and taunton college"
    },
    {
        "alphabet": "b",
        "name": "University of Brighton",
        "order_by_name": "brighton"
    },
    {
        "alphabet": "b",
        "name": "Bristol Baptist College",
        "order_by_name": "bristol baptist college"
    },
    {
        "alphabet": "b",
        "name": "British College of Osteopathic Medicine",
        "order_by_name": "british college of osteopathic medicine"
    },
    {
        "alphabet": "u",
        "name": "University College of Osteopathy (the)",
        "order_by_name": "university college of osteopathy (the)"
    },
    {
        "alphabet": "b",
        "name": "Brockenhurst College",
        "order_by_name": "brockenhurst college"
    },
    {
        "alphabet": "l",
        "name": "London South East Colleges",
        "order_by_name": "london south east colleges"
    },
    {
        "alphabet": "b",
        "name": "Brooklands College",
        "order_by_name": "brooklands college"
    },
    {
        "alphabet": "b",
        "name": "Brooksby Melton College",
        "order_by_name": "brooksby melton college"
    },
    {
        "alphabet": "b",
        "name": "Brunel University London",
        "order_by_name": "brunel university london"
    },
    {
        "alphabet": "b",
        "name": "Buckinghamshire New University",
        "order_by_name": "buckinghamshire new university"
    },
    {
        "alphabet": "b",
        "name": "Burnley College",
        "order_by_name": "burnley college"
    },
    {
        "alphabet": "b",
        "name": "Burton and South Derbyshire College",
        "order_by_name": "burton and south derbyshire college"
    },
    {
        "alphabet": "b",
        "name": "Bury College",
        "order_by_name": "bury college"
    },
    {
        "alphabet": "c",
        "name": "Calderdale College",
        "order_by_name": "calderdale college"
    },
    {
        "alphabet": "c",
        "name": "Canterbury Christ Church University",
        "order_by_name": "canterbury christ church university"
    },
    {
        "alphabet": "c",
        "name": "Capel Manor College",
        "order_by_name": "capel manor college"
    },
    {
        "alphabet": "c",
        "name": "Cardinal Newman College",
        "order_by_name": "cardinal newman college"
    },
    {
        "alphabet": "n",
        "name": "University of Northumbria At Newcastle",
        "order_by_name": "northumbria at newcastle"
    },
    {
        "alphabet": "c",
        "name": "Chesterfield College",
        "order_by_name": "chesterfield college"
    },
    {
        "alphabet": "b",
        "name": "Bath College",
        "order_by_name": "bath college"
    },
    {
        "alphabet": "c",
        "name": "City of Bristol College",
        "order_by_name": "city of bristol college"
    },
    {
        "alphabet": "s",
        "name": "Sunderland College",
        "order_by_name": "sunderland college"
    },
    {
        "alphabet": "u",
        "name": "United Colleges Group",
        "order_by_name": "united colleges group"
    },
    {
        "alphabet": "c",
        "name": "City, University of London",
        "order_by_name": "city university of london"
    },
    {
        "alphabet": "t",
        "name": "The Northern School of Art",
        "order_by_name": "the northern school of art"
    },
    {
        "alphabet": "c",
        "name": "Colchester Institute",
        "order_by_name": "colchester institute"
    },
    {
        "alphabet": "c",
        "name": "College of Integrated Chinese Medicine",
        "order_by_name": "college of integrated chinese medicine"
    },
    {
        "alphabet": "t",
        "name": "The Conservatoire for Dance and Drama",
        "order_by_name": "the conservatoire for dance and drama"
    },
    {
        "alphabet": "c",
        "name": "Cornwall College",
        "order_by_name": "cornwall college"
    },
    {
        "alphabet": "c",
        "name": "Coventry University",
        "order_by_name": "coventry university"
    },
    {
        "alphabet": "c",
        "name": "Craven College",
        "order_by_name": "craven college"
    },
    {
        "alphabet": "d",
        "name": "Darlington College",
        "order_by_name": "darlington college"
    },
    {
        "alphabet": "d",
        "name": "De Montfort University",
        "order_by_name": "de montfort university"
    },
    {
        "alphabet": "d",
        "name": "Derby College Group",
        "order_by_name": "derby college group"
    },
    {
        "alphabet": "d",
        "name": "Doreen Bird College of Performing Arts Ltd.",
        "order_by_name": "doreen bird college of performing arts ltd."
    },
    {
        "alphabet": "c",
        "name": "Central Bedfordshire College",
        "order_by_name": "central bedfordshire college"
    },
    {
        "alphabet": "t",
        "name": "The Windsor Forest Colleges Group",
        "order_by_name": "the windsor forest colleges group"
    },
    {
        "alphabet": "e",
        "name": "East Riding College",
        "order_by_name": "east riding college"
    },
    {
        "alphabet": "j",
        "name": "John Ruskin College",
        "order_by_name": "john ruskin college"
    },
    {
        "alphabet": "e",
        "name": "European School of Osteopathy",
        "order_by_name": "european school of osteopathy"
    },
    {
        "alphabet": "e",
        "name": "Exeter College",
        "order_by_name": "exeter college"
    },
    {
        "alphabet": "f",
        "name": "Farnborough College of Technology",
        "order_by_name": "farnborough college of technology"
    },
    {
        "alphabet": "f",
        "name": "Furness College",
        "order_by_name": "furness college"
    },
    {
        "alphabet": "g",
        "name": "Gateshead College",
        "order_by_name": "gateshead college"
    },
    {
        "alphabet": "g",
        "name": "Glasgow School of Art",
        "order_by_name": "glasgow school of art"
    },
    {
        "alphabet": "g",
        "name": "Gloucestershire College",
        "order_by_name": "gloucestershire college"
    },
    {
        "alphabet": "g",
        "name": "Goldsmiths, University of London",
        "order_by_name": "goldsmiths university of london"
    },
    {
        "alphabet": "g",
        "name": "Grantham College",
        "order_by_name": "grantham college"
    },
    {
        "alphabet": "g",
        "name": "Greenbank College",
        "order_by_name": "greenbank college"
    },
    {
        "alphabet": "h",
        "name": "Hadlow College",
        "order_by_name": "hadlow college"
    },
    {
        "alphabet": "h",
        "name": "Halesowen College",
        "order_by_name": "halesowen college"
    },
    {
        "alphabet": "r",
        "name": "Riverside College Halton",
        "order_by_name": "riverside college halton"
    },
    {
        "alphabet": "h",
        "name": "Harlow College",
        "order_by_name": "harlow college"
    },
    {
        "alphabet": "h",
        "name": "Hartlepool College of Further Education",
        "order_by_name": "hartlepool college of further education"
    },
    {
        "alphabet": "e",
        "name": "East Sussex College Group",
        "order_by_name": "east sussex college group"
    },
    {
        "alphabet": "c",
        "name": "Coventry College",
        "order_by_name": "coventry college"
    },
    {
        "alphabet": "h",
        "name": "Hereford College of Arts",
        "order_by_name": "hereford college of arts"
    },
    {
        "alphabet": "h",
        "name": "Herefordshire, Ludlow, and North Shropshire College",
        "order_by_name": "herefordshire ludlow and north shropshire college"
    },
    {
        "alphabet": "h",
        "name": "Hertford Regional College",
        "order_by_name": "hertford regional college"
    },
    {
        "alphabet": "h",
        "name": "Hopwood Hall College",
        "order_by_name": "hopwood hall college"
    },
    {
        "alphabet": "h",
        "name": "Hugh Baird College",
        "order_by_name": "hugh baird college"
    },
    {
        "alphabet": "h",
        "name": "Hull College Group",
        "order_by_name": "hull college group"
    },
    {
        "alphabet": "h",
        "name": "Hult",
        "order_by_name": "hult"
    },
    {
        "alphabet": "i",
        "name": "Icon College of Technology & Management",
        "order_by_name": "icon college of technology & management"
    },
    {
        "alphabet": "i",
        "name": "Imperial College London",
        "order_by_name": "imperial college london"
    },
    {
        "alphabet": "r",
        "name": "Regent's University London",
        "order_by_name": "regent's university london"
    },
    {
        "alphabet": "t",
        "name": "The Chartered Institute of Payroll Professionals",
        "order_by_name": "the chartered institute of payroll professionals"
    },
    {
        "alphabet": "k",
        "name": "Kendal College",
        "order_by_name": "kendal college"
    },
    {
        "alphabet": "w",
        "name": "University of Winchester",
        "order_by_name": "winchester"
    },
    {
        "alphabet": "k",
        "name": "King's College London",
        "order_by_name": "king's college london"
    },
    {
        "alphabet": "s",
        "name": "South Thames Colleges Group",
        "order_by_name": "south thames colleges group"
    },
    {
        "alphabet": "k",
        "name": "Kingston Maurward College",
        "order_by_name": "kingston maurward college"
    },
    {
        "alphabet": "k",
        "name": "Kingston University",
        "order_by_name": "kingston university"
    },
    {
        "alphabet": "l",
        "name": "Lakes College West Cumbria",
        "order_by_name": "lakes college west cumbria"
    },
    {
        "alphabet": "l",
        "name": "London Academy of Music and Dramatic Arts",
        "order_by_name": "london academy of music and dramatic arts"
    },
    {
        "alphabet": "l",
        "name": "Le Cordon Bleu Limited",
        "order_by_name": "le cordon bleu limited"
    },
    {
        "alphabet": "l",
        "name": "Leeds Arts University",
        "order_by_name": "leeds arts university"
    },
    {
        "alphabet": "l",
        "name": "Leeds College of Building",
        "order_by_name": "leeds college of building"
    },
    {
        "alphabet": "l",
        "name": "Leeds Beckett University",
        "order_by_name": "leeds beckett university"
    },
    {
        "alphabet": "l",
        "name": "Leeds Trinity University",
        "order_by_name": "leeds trinity university"
    },
    {
        "alphabet": "l",
        "name": "Leicester College",
        "order_by_name": "leicester college"
    },
    {
        "alphabet": "l",
        "name": "Lincoln College",
        "order_by_name": "lincoln college"
    },
    {
        "alphabet": "l",
        "name": "LIPA",
        "order_by_name": "lipa"
    },
    {
        "alphabet": "t",
        "name": "The City of Liverpool College",
        "order_by_name": "the city of liverpool college"
    },
    {
        "alphabet": "l",
        "name": "Liverpool Hope University",
        "order_by_name": "liverpool hope university"
    },
    {
        "alphabet": "l",
        "name": "Liverpool John Moores University",
        "order_by_name": "liverpool john moores university"
    },
    {
        "alphabet": "l",
        "name": "London Metropolitan University",
        "order_by_name": "london metropolitan university"
    },
    {
        "alphabet": "t",
        "name": "The London School of Economics and Political Science",
        "order_by_name": "the london school of economics and political science"
    },
    {
        "alphabet": "l",
        "name": "London School of Theology",
        "order_by_name": "london school of theology"
    },
    {
        "alphabet": "l",
        "name": "London South Bank University",
        "order_by_name": "london south bank university"
    },
    {
        "alphabet": "l",
        "name": "London Studio Centre",
        "order_by_name": "london studio centre"
    },
    {
        "alphabet": "l",
        "name": "Loughborough College",
        "order_by_name": "loughborough college"
    },
    {
        "alphabet": "l",
        "name": "Loughborough University",
        "order_by_name": "loughborough university"
    },
    {
        "alphabet": "e",
        "name": "East Coast College",
        "order_by_name": "east coast college"
    },
    {
        "alphabet": "m",
        "name": "Macclesfield College",
        "order_by_name": "macclesfield college"
    },
    {
        "alphabet": "t",
        "name": "The Growth Company Limited",
        "order_by_name": "the growth company limited"
    },
    {
        "alphabet": "m",
        "name": "Manchester Metropolitan University",
        "order_by_name": "manchester metropolitan university"
    },
    {
        "alphabet": "t",
        "name": "The Metanoia Institute",
        "order_by_name": "the metanoia institute"
    },
    {
        "alphabet": "m",
        "name": "MidKent College",
        "order_by_name": "midkent college"
    },
    {
        "alphabet": "n",
        "name": "Northern Skills Group",
        "order_by_name": "northern skills group"
    },
    {
        "alphabet": "m",
        "name": "Middlesex University",
        "order_by_name": "middlesex university"
    },
    {
        "alphabet": "m",
        "name": "Milton Keynes College",
        "order_by_name": "milton keynes college"
    },
    {
        "alphabet": "m",
        "name": "Morley College",
        "order_by_name": "morley college"
    },
    {
        "alphabet": "m",
        "name": "Moulton College",
        "order_by_name": "moulton college"
    },
    {
        "alphabet": "m",
        "name": "Mountview Academy of Theatre Arts",
        "order_by_name": "mountview academy of theatre arts"
    },
    {
        "alphabet": "m",
        "name": "Myerscough College",
        "order_by_name": "myerscough college"
    },
    {
        "alphabet": "n",
        "name": "Nazarene Theological College",
        "order_by_name": "nazarene theological college"
    },
    {
        "alphabet": "n",
        "name": "Nelson and Colne College",
        "order_by_name": "nelson and colne college"
    },
    {
        "alphabet": "n",
        "name": "New College Durham",
        "order_by_name": "new college durham"
    },
    {
        "alphabet": "n",
        "name": "Nottingham College",
        "order_by_name": "nottingham college"
    },
    {
        "alphabet": "n",
        "name": "New College Swindon",
        "order_by_name": "new college swindon"
    },
    {
        "alphabet": "n",
        "name": "Newbury College",
        "order_by_name": "newbury college"
    },
    {
        "alphabet": "n",
        "name": "Newcastle College",
        "order_by_name": "newcastle college"
    },
    {
        "alphabet": "n",
        "name": "Newcastle and Stafford Colleges Group (NSCG) / Axia Solutions Limited",
        "order_by_name": "newcastle and stafford colleges group (nscg) / axia solutions limited"
    },
    {
        "alphabet": "n",
        "name": "Newham Training and Education Centre",
        "order_by_name": "newham training and education centre"
    },
    {
        "alphabet": "p",
        "name": "Petroc",
        "order_by_name": "petroc"
    },
    {
        "alphabet": "n",
        "name": "North East Surrey College of Technology (nescot)",
        "order_by_name": "north east surrey college of technology (nescot)"
    },
    {
        "alphabet": "n",
        "name": "North Hertfordshire College",
        "order_by_name": "north hertfordshire college"
    },
    {
        "alphabet": "n",
        "name": "North Lindsey College",
        "order_by_name": "north lindsey college"
    },
    {
        "alphabet": "n",
        "name": "North Warwickshire and South Leicestershire College",
        "order_by_name": "north warwickshire and south leicestershire college"
    },
    {
        "alphabet": "g",
        "name": "Greater Brighton Metropolitan College",
        "order_by_name": "greater brighton metropolitan college"
    },
    {
        "alphabet": "n",
        "name": "Northern College of Acupuncture",
        "order_by_name": "northern college of acupuncture"
    },
    {
        "alphabet": "c",
        "name": "City College Norwich",
        "order_by_name": "city college norwich"
    },
    {
        "alphabet": "n",
        "name": "Norwich University of the Arts",
        "order_by_name": "norwich university of the arts"
    },
    {
        "alphabet": "n",
        "name": "Nottingham Trent University",
        "order_by_name": "nottingham trent university"
    },
    {
        "alphabet": "o",
        "name": "Oaklands College",
        "order_by_name": "oaklands college"
    },
    {
        "alphabet": "a",
        "name": "Activate Learning",
        "order_by_name": "activate learning"
    },
    {
        "alphabet": "o",
        "name": "Oxford Brookes University",
        "order_by_name": "oxford brookes university"
    },
    {
        "alphabet": "s",
        "name": "Salford City College",
        "order_by_name": "salford city college"
    },
    {
        "alphabet": "p",
        "name": "Peter Symonds College",
        "order_by_name": "peter symonds college"
    },
    {
        "alphabet": "p",
        "name": "Peterborough Regional College",
        "order_by_name": "peterborough regional college"
    },
    {
        "alphabet": "p",
        "name": "Plumpton College",
        "order_by_name": "plumpton college"
    },
    {
        "alphabet": "p",
        "name": "Plymouth College of Art",
        "order_by_name": "plymouth college of art"
    },
    {
        "alphabet": "c",
        "name": "City College Plymouth",
        "order_by_name": "city college plymouth"
    },
    {
        "alphabet": "p",
        "name": "Preston's College",
        "order_by_name": "preston's college"
    },
    {
        "alphabet": "q",
        "name": "Queen Margaret University, Edinburgh",
        "order_by_name": "queen margaret university edinburgh"
    },
    {
        "alphabet": "q",
        "name": "Queen's University Belfast",
        "order_by_name": "queen's university belfast"
    },
    {
        "alphabet": "r",
        "name": "Ravensbourne University London",
        "order_by_name": "ravensbourne university london"
    },
    {
        "alphabet": "r",
        "name": "Reaseheath College",
        "order_by_name": "reaseheath college"
    },
    {
        "alphabet": "a",
        "name": "Arden University",
        "order_by_name": "arden university"
    },
    {
        "alphabet": "r",
        "name": "REVETT",
        "order_by_name": "revett"
    },
    {
        "alphabet": "r",
        "name": "Richmond Upon Thames College",
        "order_by_name": "richmond upon thames college"
    },
    {
        "alphabet": "r",
        "name": "Richmond, the American International University in London",
        "order_by_name": "richmond the american international university in london"
    },
    {
        "alphabet": "t",
        "name": "The Robert Gordon University",
        "order_by_name": "the robert gordon university"
    },
    {
        "alphabet": "r",
        "name": "Rose Bruford College of Theatre and Performance",
        "order_by_name": "rose bruford college of theatre and performance"
    },
    {
        "alphabet": "r",
        "name": "Rnn Group",
        "order_by_name": "rnn group"
    },
    {
        "alphabet": "r",
        "name": "Royal Academy of Dance",
        "order_by_name": "royal academy of dance"
    },
    {
        "alphabet": "t",
        "name": "The Royal Agricultural University",
        "order_by_name": "the royal agricultural university"
    },
    {
        "alphabet": "r",
        "name": "Royal Holloway, University of London",
        "order_by_name": "royal holloway university of london"
    },
    {
        "alphabet": "r",
        "name": "Royal Conservatoire of Scotland",
        "order_by_name": "royal conservatoire of scotland"
    },
    {
        "alphabet": "r",
        "name": "Ruskin College Oxford",
        "order_by_name": "ruskin college oxford"
    },
    {
        "alphabet": "s",
        "name": "Sandwell College",
        "order_by_name": "sandwell college"
    },
    {
        "alphabet": "s",
        "name": "Scotland's Rural College",
        "order_by_name": "scotland's rural college"
    },
    {
        "alphabet": "u",
        "name": "Unified Seevic Palmer's College",
        "order_by_name": "unified seevic palmer's college"
    },
    {
        "alphabet": "s",
        "name": "Selby College",
        "order_by_name": "selby college"
    },
    {
        "alphabet": "s",
        "name": "Sheffield College, the",
        "order_by_name": "sheffield college the"
    },
    {
        "alphabet": "s",
        "name": "Sheffield Hallam University",
        "order_by_name": "sheffield hallam university"
    },
    {
        "alphabet": "s",
        "name": "Shrewsbury Colleges Group",
        "order_by_name": "shrewsbury colleges group"
    },
    {
        "alphabet": "s",
        "name": "Solihull College and University Centre",
        "order_by_name": "solihull college and university centre"
    },
    {
        "alphabet": "s",
        "name": "South & City College Birmingham",
        "order_by_name": "south & city college birmingham"
    },
    {
        "alphabet": "c",
        "name": "Cheshire College South and West",
        "order_by_name": "cheshire college south and west"
    },
    {
        "alphabet": "u",
        "name": "University Centre South Devon",
        "order_by_name": "university centre south devon"
    },
    {
        "alphabet": "h",
        "name": "Havant and South Downs College",
        "order_by_name": "havant and south downs college"
    },
    {
        "alphabet": "s",
        "name": "South Essex College",
        "order_by_name": "south essex college"
    },
    {
        "alphabet": "t",
        "name": "The Trafford College Group",
        "order_by_name": "the trafford college group"
    },
    {
        "alphabet": "t",
        "name": "Tyne Coast College",
        "order_by_name": "tyne coast college"
    },
    {
        "alphabet": "s",
        "name": "Southampton City College",
        "order_by_name": "southampton city college"
    },
    {
        "alphabet": "s",
        "name": "Solent University",
        "order_by_name": "solent university"
    },
    {
        "alphabet": "s",
        "name": "Southport College",
        "order_by_name": "southport college"
    },
    {
        "alphabet": "s",
        "name": "Sparsholt College",
        "order_by_name": "sparsholt college"
    },
    {
        "alphabet": "s",
        "name": "St Helens College",
        "order_by_name": "st helens college"
    },
    {
        "alphabet": "s",
        "name": "St Mary's College",
        "order_by_name": "st mary's college"
    },
    {
        "alphabet": "s",
        "name": "Staffordshire University",
        "order_by_name": "staffordshire university"
    },
    {
        "alphabet": "n",
        "name": "New College Stamford",
        "order_by_name": "new college stamford"
    },
    {
        "alphabet": "s",
        "name": "The Smb Group",
        "order_by_name": "smb"
    },
    {
        "alphabet": "o",
        "name": "Orbital South Colleges",
        "order_by_name": "orbital"
    },    
    {
        "alphabet": "s",
        "name": "Stockton Riverside College",
        "order_by_name": "stockton riverside college"
    },
    {
        "alphabet": "s",
        "name": "Stoke On Trent College",
        "order_by_name": "stoke on trent college"
    },
    {
        "alphabet": "s",
        "name": "Strode College",
        "order_by_name": "strode college"
    },
    {
        "alphabet": "s",
        "name": "Suffolk New College",
        "order_by_name": "suffolk new college"
    },
    {
        "alphabet": "u",
        "name": "University for the Creative Arts",
        "order_by_name": "university for the creative arts"
    },
    {
        "alphabet": "b",
        "name": "Birmingham Metropolitan College",
        "order_by_name": "birmingham metropolitan college"
    },
    {
        "alphabet": "s",
        "name": "Swindon College",
        "order_by_name": "swindon college"
    },
    {
        "alphabet": "t",
        "name": "Tameside College",
        "order_by_name": "tameside college"
    },
    {
        "alphabet": "t",
        "name": "Telford College",
        "order_by_name": "telford college"
    },
    {
        "alphabet": "w",
        "name": "The University of West London",
        "order_by_name": "west london"
    },
    {
        "alphabet": "e",
        "name": "Ekc Group",
        "order_by_name": "ekc group"
    },
    {
        "alphabet": "t",
        "name": "The Oldham College",
        "order_by_name": "the oldham college"
    },
    {
        "alphabet": "b",
        "name": "University of Birmingham",
        "order_by_name": "birmingham"
    },
    {
        "alphabet": "b",
        "name": "The University of Bolton",
        "order_by_name": "bolton"
    },
    {
        "alphabet": "l",
        "name": "The University of Liverpool",
        "order_by_name": "liverpool"
    },
    {
        "alphabet": "n",
        "name": "New City College",
        "order_by_name": "new city college"
    },
    {
        "alphabet": "t",
        "name": "Truro and Penwith College",
        "order_by_name": "truro and penwith college"
    },
    {
        "alphabet": "t",
        "name": "University of the Highlands and Islands",
        "order_by_name": "the highlands and islands"
    },
    {
        "alphabet": "c",
        "name": "University of Chichester",
        "order_by_name": "chichester"
    },
    {
        "alphabet": "n",
        "name": "The University of Northampton",
        "order_by_name": "northampton"
    },
    {
        "alphabet": "w",
        "name": "University of Worcester",
        "order_by_name": "worcester"
    },
    {
        "alphabet": "b",
        "name": "Birmingham City University",
        "order_by_name": "birmingham city university"
    },
    {
        "alphabet": "c",
        "name": "University of Central Lancashire",
        "order_by_name": "central lancashire"
    },
    {
        "alphabet": "d",
        "name": "Durham University",
        "order_by_name": "durham university"
    },
    {
        "alphabet": "e",
        "name": "The University of East London",
        "order_by_name": "east london"
    },
    {
        "alphabet": "g",
        "name": "University of Gloucestershire",
        "order_by_name": "gloucestershire"
    },
    {
        "alphabet": "g",
        "name": "University of Greenwich",
        "order_by_name": "greenwich"
    },
    {
        "alphabet": "h",
        "name": "University of Hertfordshire",
        "order_by_name": "hertfordshire"
    },
    {
        "alphabet": "h",
        "name": "University of Huddersfield",
        "order_by_name": "huddersfield"
    },
    {
        "alphabet": "h",
        "name": "University of Hull",
        "order_by_name": "hull"
    },
    {
        "alphabet": "k",
        "name": "The University of Kent",
        "order_by_name": "kent"
    },
    {
        "alphabet": "l",
        "name": "University of Lincoln",
        "order_by_name": "lincoln"
    },
    {
        "alphabet": "b",
        "name": "University of Bedfordshire",
        "order_by_name": "bedfordshire"
    },
    {
        "alphabet": "n",
        "name": "University of Nottingham, the",
        "order_by_name": "nottingham the"
    },
    {
        "alphabet": "p",
        "name": "University of Portsmouth",
        "order_by_name": "portsmouth"
    },
    {
        "alphabet": "s",
        "name": "The University of Salford",
        "order_by_name": "salford"
    },
    {
        "alphabet": "s",
        "name": "University of Sheffield",
        "order_by_name": "sheffield"
    },
    {
        "alphabet": "s",
        "name": "University of Southampton",
        "order_by_name": "southampton"
    },
    {
        "alphabet": "s",
        "name": "University of Sunderland",
        "order_by_name": "sunderland"
    },
    {
        "alphabet": "s",
        "name": "The University of Surrey",
        "order_by_name": "surrey"
    },
    {
        "alphabet": "t",
        "name": "Teesside University",
        "order_by_name": "teesside university"
    },
    {
        "alphabet": "t",
        "name": "University of the Arts, London",
        "order_by_name": "the arts london"
    },
    {
        "alphabet": "w",
        "name": "University of Warwick",
        "order_by_name": "warwick"
    },
    {
        "alphabet": "u",
        "name": "UWE Bristol",
        "order_by_name": "uwe bristol"
    },
    {
        "alphabet": "w",
        "name": "The University of Westminster",
        "order_by_name": "westminster"
    },
    {
        "alphabet": "w",
        "name": "University of Wolverhampton",
        "order_by_name": "wolverhampton"
    },
    {
        "alphabet": "y",
        "name": "University of York",
        "order_by_name": "york"
    },
    {
        "alphabet": "w",
        "name": "Wakefield College",
        "order_by_name": "wakefield college"
    },
    {
        "alphabet": "w",
        "name": "Waverley Abbey College",
        "order_by_name": "waverley abbey college"
    },
    {
        "alphabet": "w",
        "name": "West Herts College",
        "order_by_name": "west herts college"
    },
    {
        "alphabet": "w",
        "name": "West Kent and Ashford College",
        "order_by_name": "west kent and ashford college"
    },
    {
        "alphabet": "v",
        "name": "Vision West Nottinghamshire College",
        "order_by_name": "vision west nottinghamshire college"
    },
    {
        "alphabet": "w",
        "name": "West Suffolk College",
        "order_by_name": "west suffolk college"
    },
    {
        "alphabet": "c",
        "name": "Capital City College Group",
        "order_by_name": "capital city college group"
    },
    {
        "alphabet": "u",
        "name": "University Centre Weston",
        "order_by_name": "university centre weston"
    },
    {
        "alphabet": "w",
        "name": "Weymouth College",
        "order_by_name": "weymouth college"
    },
    {
        "alphabet": "w",
        "name": "Wigan and Leigh College",
        "order_by_name": "wigan and leigh college"
    },
    {
        "alphabet": "w",
        "name": "Wiltshire College and University Centre",
        "order_by_name": "wiltshire college and university centre"
    },
    {
        "alphabet": "w",
        "name": "Wirral Metropolitan College",
        "order_by_name": "wirral metropolitan college"
    },
    {
        "alphabet": "c",
        "name": "City of Wolverhampton College",
        "order_by_name": "city of wolverhampton college"
    },
    {
        "alphabet": "w",
        "name": "Writtle University College",
        "order_by_name": "writtle university college"
    },
    {
        "alphabet": "y",
        "name": "Yeovil College",
        "order_by_name": "yeovil college"
    },
    {
        "alphabet": "y",
        "name": "York College",
        "order_by_name": "york college"
    },
    {
        "alphabet": "y",
        "name": "York St John University",
        "order_by_name": "york st john university"
    },
    {
        "alphabet": "a",
        "name": "Aston University",
        "order_by_name": "aston university"
    },
    {
        "alphabet": "b",
        "name": "Birkbeck, University of London",
        "order_by_name": "birkbeck university of london"
    },
    {
        "alphabet": "c",
        "name": "Courtauld Institute of Art",
        "order_by_name": "courtauld institute of art"
    },
    {
        "alphabet": "g",
        "name": "Glasgow Caledonian University",
        "order_by_name": "glasgow caledonian university"
    },
    {
        "alphabet": "h",
        "name": "Heriot-watt University",
        "order_by_name": "heriot-watt university"
    },
    {
        "alphabet": "k",
        "name": "Keele University",
        "order_by_name": "keele university"
    },
    {
        "alphabet": "l",
        "name": "Lancaster University",
        "order_by_name": "lancaster university"
    },
    {
        "alphabet": "e",
        "name": "Edinburgh Napier University",
        "order_by_name": "edinburgh napier university"
    },
    {
        "alphabet": "t",
        "name": "The Open University",
        "order_by_name": "the open university"
    },
    {
        "alphabet": "o",
        "name": "Oxford University",
        "order_by_name": "oxford university"
    },
    {
        "alphabet": "q",
        "name": "Queen Mary University of London",
        "order_by_name": "queen mary university of london"
    },
    {
        "alphabet": "r",
        "name": "Roehampton University",
        "order_by_name": "roehampton university"
    },
    {
        "alphabet": "r",
        "name": "Royal College of Music",
        "order_by_name": "royal college of music"
    },
    {
        "alphabet": "t",
        "name": "The Royal Veterinary College",
        "order_by_name": "the royal veterinary college"
    },
    {
        "alphabet": "s",
        "name": "School of Oriental and African Studies",
        "order_by_name": "school of oriental and african studies"
    },
    {
        "alphabet": "s",
        "name": "St. George's, University of London",
        "order_by_name": "st. george's university of london"
    },
    {
        "alphabet": "a",
        "name": "University of Aberdeen",
        "order_by_name": "aberdeen"
    },
    {
        "alphabet": "u",
        "name": "UCL",
        "order_by_name": "ucl"
    },
    {
        "alphabet": "b",
        "name": "The University of Bradford",
        "order_by_name": "bradford"
    },
    {
        "alphabet": "b",
        "name": "University of Bristol",
        "order_by_name": "bristol"
    },
    {
        "alphabet": "b",
        "name": "University of Buckingham",
        "order_by_name": "buckingham"
    },
    {
        "alphabet": "c",
        "name": "University of Cambridge",
        "order_by_name": "cambridge"
    },
    {
        "alphabet": "e",
        "name": "University of East Anglia",
        "order_by_name": "east anglia"
    },
    {
        "alphabet": "e",
        "name": "University of Edinburgh",
        "order_by_name": "edinburgh"
    },
    {
        "alphabet": "e",
        "name": "The University of Essex",
        "order_by_name": "essex"
    },
    {
        "alphabet": "e",
        "name": "University of Exeter",
        "order_by_name": "exeter"
    },
    {
        "alphabet": "s",
        "name": "University of South Wales/prifysgol De Cymru",
        "order_by_name": "south wales/prifysgol de cymru"
    },
    {
        "alphabet": "g",
        "name": "University of Glasgow",
        "order_by_name": "glasgow"
    },
    {
        "alphabet": "l",
        "name": "University of Leeds",
        "order_by_name": "leeds"
    },
    {
        "alphabet": "l",
        "name": "University of Leicester",
        "order_by_name": "leicester"
    },
    {
        "alphabet": "m",
        "name": "University of Manchester",
        "order_by_name": "manchester"
    },
    {
        "alphabet": "n",
        "name": "Newcastle University",
        "order_by_name": "newcastle university"
    },
    {
        "alphabet": "t",
        "name": "University of the West of Scotland",
        "order_by_name": "the west of scotland"
    },
    {
        "alphabet": "p",
        "name": "University of Plymouth",
        "order_by_name": "plymouth"
    },
    {
        "alphabet": "r",
        "name": "University of Reading",
        "order_by_name": "reading"
    },
    {
        "alphabet": "s",
        "name": "University of St Andrews",
        "order_by_name": "st andrews"
    },
    {
        "alphabet": "s",
        "name": "University of Stirling",
        "order_by_name": "stirling"
    },
    {
        "alphabet": "s",
        "name": "University of Strathclyde",
        "order_by_name": "strathclyde"
    },
    {
        "alphabet": "s",
        "name": "University of Sussex",
        "order_by_name": "sussex"
    },
    {
        "alphabet": "u",
        "name": "Ulster University",
        "order_by_name": "ulster university"
    },
    {
        "alphabet": "b",
        "name": "Bishop Grosseteste University",
        "order_by_name": "bishop grosseteste university"
    },
    {
        "alphabet": "l",
        "name": "University of London Institute in Paris",
        "order_by_name": "london institute in paris"
    },
    {
        "alphabet": "c",
        "name": "Cardiff University",
        "order_by_name": "cardiff university"
    },
    {
        "alphabet": "t",
        "name": "The Royal Central School of Speech and Drama",
        "order_by_name": "the royal central school of speech and drama"
    },
    {
        "alphabet": "c",
        "name": "Chichester College Group",
        "order_by_name": "chichester college group"
    },
    {
        "alphabet": "c",
        "name": "Coleg Llandrillo",
        "order_by_name": "coleg llandrillo"
    },
    {
        "alphabet": "e",
        "name": "Edge Hill University",
        "order_by_name": "edge hill university"
    },
    {
        "alphabet": "g",
        "name": "Guildhall School of Music & Drama",
        "order_by_name": "guildhall school of music & drama"
    },
    {
        "alphabet": "n",
        "name": "Newman University",
        "order_by_name": "newman university"
    },
    {
        "alphabet": "g",
        "name": "Glyndwr University",
        "order_by_name": "glyndwr university"
    },
    {
        "alphabet": "p",
        "name": "Pembrokeshire College",
        "order_by_name": "pembrokeshire college"
    },
    {
        "alphabet": "t",
        "name": "The Royal Academy of Music",
        "order_by_name": "the royal academy of music"
    },
    {
        "alphabet": "r",
        "name": "Royal Northern College of Music",
        "order_by_name": "royal northern college of music"
    },
    {
        "alphabet": "r",
        "name": "Royal Welsh College of Music and Drama Limited",
        "order_by_name": "royal welsh college of music and drama limited"
    },
    {
        "alphabet": "s",
        "name": "SAE Institute Ltd",
        "order_by_name": "sae institute ltd"
    },
    {
        "alphabet": "c",
        "name": "The University of Cumbria",
        "order_by_name": "cumbria"
    },
    {
        "alphabet": "s",
        "name": "St Mary's University, Twickenham, London",
        "order_by_name": "st mary's university twickenham london"
    },
    {
        "alphabet": "c",
        "name": "University of Chester",
        "order_by_name": "chester"
    },
    {
        "alphabet": "a",
        "name": "Abertay University",
        "order_by_name": "abertay university"
    },
    {
        "alphabet": "b",
        "name": "University of Bath",
        "order_by_name": "bath"
    },
    {
        "alphabet": "d",
        "name": "University of Derby",
        "order_by_name": "derby"
    },
    {
        "alphabet": "d",
        "name": "University of Dundee",
        "order_by_name": "dundee"
    },
    {
        "alphabet": "c",
        "name": "Cardiff Metropolitan University",
        "order_by_name": "cardiff metropolitan university"
    },
    {
        "alphabet": "s",
        "name": "Swansea University",
        "order_by_name": "swansea university"
    },
    {
        "alphabet": "a",
        "name": "Aberystwyth University",
        "order_by_name": "aberystwyth university"
    },
    {
        "alphabet": "b",
        "name": "Bangor University",
        "order_by_name": "bangor university"
    },
    {
        "alphabet": "w",
        "name": "University of Wales: Trinity Saint David",
        "order_by_name": "wales: trinity saint david"
    },
    {
        "alphabet": "w",
        "name": "Warwickshire College",
        "order_by_name": "warwickshire college"
    },
    {
        "alphabet": "c",
        "name": "Cliff College",
        "order_by_name": "cliff college"
    },
    {
        "alphabet": "d",
        "name": "Dudley College of Technology",
        "order_by_name": "dudley college of technology"
    },
    {
        "alphabet": "f",
        "name": "Fareham College",
        "order_by_name": "fareham college"
    },
    {
        "alphabet": "g",
        "name": "Grimsby Institute of Further and Higher Education",
        "order_by_name": "grimsby institute of further and higher education"
    },
    {
        "alphabet": "h",
        "name": "Heart of Worcestershire College",
        "order_by_name": "heart of worcestershire college"
    },
    {
        "alphabet": "s",
        "name": "Stranmillis University College",
        "order_by_name": "stranmillis university college"
    },
    {
        "alphabet": "t",
        "name": "Trinity Laban Conservatoire of Music and Dance",
        "order_by_name": "trinity laban conservatoire of music and dance"
    },
    {
        "alphabet": "s",
        "name": "St Mary's University College",
        "order_by_name": "st mary's university college"
    },
    {
        "alphabet": "a",
        "name": "AA School of Architecture",
        "order_by_name": "aa school of architecture"
    },
    {
        "alphabet": "u",
        "name": "University College of Estate Management",
        "order_by_name": "university college of estate management"
    },
    {
        "alphabet": "t",
        "name": "The London Institute of Banking & Finance",
        "order_by_name": "the london institute of banking & finance"
    },
    {
        "alphabet": "k",
        "name": "KLC School of Design",
        "order_by_name": "klc school of design"
    },
    {
        "alphabet": "n",
        "name": "Norland College",
        "order_by_name": "norland college"
    },
    {
        "alphabet": "p",
        "name": "Platform One (iow) Limited",
        "order_by_name": "platform one (iow) limited"
    },
    {
        "alphabet": "r",
        "name": "Rtc Education Ltd",
        "order_by_name": "rtc education ltd"
    },
    {
        "alphabet": "f",
        "name": "Falmouth University",
        "order_by_name": "falmouth university"
    },
    {
        "alphabet": "c",
        "name": "Coleg Y Cymoedd",
        "order_by_name": "coleg y cymoedd"
    },
    {
        "alphabet": "f",
        "name": "Fashion Retail Academy",
        "order_by_name": "fashion retail academy"
    },
    {
        "alphabet": "r",
        "name": "Royal Academy of Dramatic Art",
        "order_by_name": "royal academy of dramatic art"
    },
    {
        "alphabet": "i",
        "name": "Istituto Marangoni Limited",
        "order_by_name": "istituto marangoni limited"
    },
    {
        "alphabet": "l",
        "name": "Luther King House Educational Trust",
        "order_by_name": "luther king house educational trust"
    },
    {
        "alphabet": "g",
        "name": "Grwp NPTC Group",
        "order_by_name": "grwp nptc group"
    },
    {
        "alphabet": "m",
        "name": "Merthyr Tydfil College Limited",
        "order_by_name": "merthyr tydfil college limited"
    },
    {
        "alphabet": "o",
        "name": "Oak Hill College",
        "order_by_name": "oak hill college"
    },
    {
        "alphabet": "c",
        "name": "Cambridge School of Visual and Performing Arts",
        "order_by_name": "cambridge school of visual and performing arts"
    },
    {
        "alphabet": "l",
        "name": "London Bridge Business Academy",
        "order_by_name": "london bridge business academy"
    },
    {
        "alphabet": "s",
        "name": "University of Suffolk",
        "order_by_name": "suffolk"
    },
    {
        "alphabet": "t",
        "name": "The London College",
        "order_by_name": "the london college"
    },
    {
        "alphabet": "p",
        "name": "Point Blank Music School",
        "order_by_name": "point blank music school"
    },
    {
        "alphabet": "m",
        "name": "Mattersey Hall",
        "order_by_name": "mattersey hall"
    },
    {
        "alphabet": "e",
        "name": "Eastwood Park Limited",
        "order_by_name": "eastwood park limited"
    },
    {
        "alphabet": "r",
        "name": "Regents Theological College",
        "order_by_name": "regents theological college"
    },
    {
        "alphabet": "k",
        "name": "Kaplan Open Learning (essex) Limited",
        "order_by_name": "kaplan open learning (essex) limited"
    },
    {
        "alphabet": "e",
        "name": "Empire College London Limited",
        "order_by_name": "empire college london limited"
    },
    {
        "alphabet": "f",
        "name": "Futureworks",
        "order_by_name": "futureworks"
    },
    {
        "alphabet": "l",
        "name": "London School of Management Education",
        "order_by_name": "london school of management education"
    },
    {
        "alphabet": "t",
        "name": "The Manchester College",
        "order_by_name": "the manchester college"
    },
    {
        "alphabet": "l",
        "name": "London School of Commerce & It Limited",
        "order_by_name": "london school of commerce & it limited"
    },
    {
        "alphabet": "t",
        "name": "The Markfield Institute of Higher Education",
        "order_by_name": "the markfield institute of higher education"
    },
    {
        "alphabet": "m",
        "name": "Matrix College of Counselling and Psychotherapy Ltd",
        "order_by_name": "matrix college of counselling and psychotherapy ltd"
    },
    {
        "alphabet": "m",
        "name": "Moorlands College",
        "order_by_name": "moorlands college"
    },
    {
        "alphabet": "t",
        "name": "The Sherwood Institute",
        "order_by_name": "the sherwood institute"
    },
    {
        "alphabet": "t",
        "name": "Trinity College Bristol",
        "order_by_name": "trinity college bristol"
    },
    {
        "alphabet": "s",
        "name": "South Staffordshire College",
        "order_by_name": "south staffordshire college"
    },
    {
        "alphabet": "m",
        "name": "Mont Rose College of Management and Sciences Limited",
        "order_by_name": "mont rose college of management and sciences limited"
    },
    {
        "alphabet": "c",
        "name": "Central Film School London",
        "order_by_name": "central film school london"
    },
    {
        "alphabet": "l",
        "name": "Leeds City College",
        "order_by_name": "leeds city college"
    },
    {
        "alphabet": "c",
        "name": "Christ the Redeemer College",
        "order_by_name": "christ the redeemer college"
    },
    {
        "alphabet": "b",
        "name": "Brit College",
        "order_by_name": "brit college"
    },
    {
        "alphabet": "n",
        "name": "Nelson College London Limited",
        "order_by_name": "nelson college london limited"
    },
    {
        "alphabet": "g",
        "name": "Gower College Swansea",
        "order_by_name": "gower college swansea"
    },
    {
        "alphabet": "s",
        "name": "St Mellitus College",
        "order_by_name": "st mellitus college"
    },
    {
        "alphabet": "w",
        "name": "Westminster Theological Centre",
        "order_by_name": "westminster theological centre"
    },
    {
        "alphabet": "l",
        "name": "Liverpool Media Academy Limited",
        "order_by_name": "liverpool media academy limited"
    },
    {
        "alphabet": "b",
        "name": "BPP University",
        "order_by_name": "bpp university"
    },
    {
        "alphabet": "a",
        "name": "Amity Global Education Ltd",
        "order_by_name": "amity global education ltd"
    },
    {
        "alphabet": "t",
        "name": "The Cambridge Theological Federation",
        "order_by_name": "the cambridge theological federation"
    },
    {
        "alphabet": "t",
        "name": "The Queen's Foundation for Ecumenical Theological Education",
        "order_by_name": "the queen's foundation for ecumenical theological education"
    },
    {
        "alphabet": "w",
        "name": "West Dean College",
        "order_by_name": "west dean college"
    },
    {
        "alphabet": "b",
        "name": "Bodmin College",
        "order_by_name": "bodmin college"
    },
    {
        "alphabet": "l",
        "name": "Leeds College of Music",
        "order_by_name": "leeds college of music"
    },
    {
        "alphabet": "c",
        "name": "Cardiff and Vale College",
        "order_by_name": "cardiff and vale college"
    },
    {
        "alphabet": "i",
        "name": "Institute of Contemporary Music Performance",
        "order_by_name": "institute of contemporary music performance"
    },
    {
        "alphabet": "s",
        "name": "South Gloucestershire and Stroud College",
        "order_by_name": "south gloucestershire and stroud college"
    },
    {
        "alphabet": "b",
        "name": "Backstage Academy (training) Ltd",
        "order_by_name": "backstage academy (training) ltd"
    },
    {
        "alphabet": "e",
        "name": "Easton and Otley College",
        "order_by_name": "easton and otley college"
    },
    {
        "alphabet": "s",
        "name": "University of St Mark & St John",
        "order_by_name": "st mark & st john"
    },
    {
        "alphabet": "b",
        "name": "Bimm Limited",
        "order_by_name": "bimm limited"
    },
    {
        "alphabet": "t",
        "name": "The Addict Dance Academy Ltd",
        "order_by_name": "the addict dance academy ltd"
    },
    {
        "alphabet": "c",
        "name": "City and Guilds of London Art School",
        "order_by_name": "city and guilds of london art school"
    },
    {
        "alphabet": "l",
        "name": "The University of Law",
        "order_by_name": "law"
    },
    {
        "alphabet": "b",
        "name": "Birmingham Community Nhs Trust",
        "order_by_name": "birmingham community nhs trust"
    },
    {
        "alphabet": "h",
        "name": "Harper Adams University",
        "order_by_name": "harper adams university"
    },
    {
        "alphabet": "s",
        "name": "Shockout Arts",
        "order_by_name": "shockout arts"
    },
    {
        "alphabet": "h",
        "name": "Hy Education Limited",
        "order_by_name": "hy education limited"
    },
    {
        "alphabet": "g",
        "name": "Global Banking School Limited",
        "order_by_name": "global banking school limited"
    },
    {
        "alphabet": "p",
        "name": "Pearson College London",
        "order_by_name": "pearson college london"
    },
    {
        "alphabet": "u",
        "name": "Ucfb College of Football Business Limited",
        "order_by_name": "ucfb college of football business limited"
    },
    {
        "alphabet": "m",
        "name": "Montessori Centre International",
        "order_by_name": "montessori centre international"
    },
    {
        "alphabet": "m",
        "name": "Met Film School Limited",
        "order_by_name": "met film school limited"
    },
    {
        "alphabet": "d",
        "name": "Dime Online",
        "order_by_name": "dime online"
    },
    {
        "alphabet": "n",
        "name": "New College of the Humanities",
        "order_by_name": "new college of the humanities"
    },
    {
        "alphabet": "a",
        "name": "ACM",
        "order_by_name": "acm"
    },
    {
        "alphabet": "u",
        "name": "University Centre Peterborough",
        "order_by_name": "university centre peterborough"
    },
    {
        "alphabet": "h",
        "name": "Hartpury University",
        "order_by_name": "hartpury university"
    },
    {
        "alphabet": "m",
        "name": "Medway School of Pharmacy",
        "order_by_name": "medway school of pharmacy"
    },
    {
        "alphabet": "h",
        "name": "Hull York Medical School",
        "order_by_name": "hull york medical school"
    },
    {
        "alphabet": "b",
        "name": "Brighton and Sussex Medical School",
        "order_by_name": "brighton and sussex medical school"
    }
]